session_id,device_name,device_slug,run_id,status,execution_backend,dry_run,requested_method,resolved_method,family,instance_name,source_path,problem_size,hardware_family,hardware_size,num_variables,num_reads_returned,num_reads_analysed,best_feasible_objective,objective_gap,sqa_gap,mean_sqa_energy_gap,optimum_probability,sqa_optimum_rate,feasible_reads,feasible_read_fraction,sqa_fea,known_optimum_objective,known_optimum_source,known_optimum_hit,known_optimum_reads,known_optimum_read_fraction,mean_chain_break_fraction,broken_read_rate,sample_metrics_csv_relative,run_metrics_csv_relative
20260426T091720605886Z,Advantage_system4.1;graph_id=01d07086e1,Advantage_system4.1_graph_id_01d07086e1,20260426T091720605886Z__Advantage_system4.1_graph_id_01d07086e1__mdkp__hp1__projected_topology__run_001,success,dwave_qpu,False,projected_topology,projected_pegasus,mdkp,hp1,/home/bannach/tmp/dwave/data/mdkp_instances/hp1.dat,28,pegasus,,28,2500,2500,-3234.0,0.053832650672908135,0.053832650672908135,0.1935004726110636,0.0,0.0,117,0.0468,0.0468,-3418.0,cplex_cache,False,0,0.0,0.0,0.0,runs/mdkp/hp1/projected_pegasus/run_001/sample_metrics.csv,runs/mdkp/hp1/projected_pegasus/run_001/run_metrics.csv
20260426T091720605886Z,Advantage_system4.1;graph_id=01d07086e1,Advantage_system4.1_graph_id_01d07086e1,20260426T091720605886Z__Advantage_system4.1_graph_id_01d07086e1__mdkp__hp1__projected_full__run_001,success,dwave_qpu,False,projected_full,projected_full,mdkp,hp1,/home/bannach/tmp/dwave/data/mdkp_instances/hp1.dat,28,pegasus,,28,2500,2500,-3286.0,0.03861907548273844,0.03861907548273844,0.23246333452877554,0.0,0.0,620,0.248,0.248,-3418.0,cplex_cache,False,0,0.0,0.7204,1.0,runs/mdkp/hp1/projected_full/run_001/sample_metrics.csv,runs/mdkp/hp1/projected_full/run_001/run_metrics.csv
20260426T091720605886Z,Advantage_system4.1;graph_id=01d07086e1,Advantage_system4.1_graph_id_01d07086e1,20260426T091720605886Z__Advantage_system4.1_graph_id_01d07086e1__mdkp__hp1__unbalanced__run_001,success,dwave_qpu,False,unbalanced,unbalanced,mdkp,hp1,/home/bannach/tmp/dwave/data/mdkp_instances/hp1.dat,28,pegasus,,28,2500,2500,-3217.0,0.058806319485078994,0.058806319485078994,0.2424262443609732,0.0,0.0,93,0.0372,0.0372,-3418.0,cplex_cache,False,0,0.0,0.8653428571428572,1.0,runs/mdkp/hp1/unbalanced/run_001/sample_metrics.csv,runs/mdkp/hp1/unbalanced/run_001/run_metrics.csv
20260426T091720605886Z,Advantage_system4.1;graph_id=01d07086e1,Advantage_system4.1_graph_id_01d07086e1,20260426T091720605886Z__Advantage_system4.1_graph_id_01d07086e1__mdkp__hp2__projected_topology__run_001,success,dwave_qpu,False,projected_topology,projected_pegasus,mdkp,hp2,/home/bannach/tmp/dwave/data/mdkp_instances/hp2.dat,35,pegasus,,35,2500,2500,,,,,0.0,0.0,0,0.0,0.0,-3186.0,cplex_cache,,0,0.0,0.0,0.0,runs/mdkp/hp2/projected_pegasus/run_001/sample_metrics.csv,runs/mdkp/hp2/projected_pegasus/run_001/run_metrics.csv
20260426T091720605886Z,Advantage_system4.1;graph_id=01d07086e1,Advantage_system4.1_graph_id_01d07086e1,20260426T091720605886Z__Advantage_system4.1_graph_id_01d07086e1__mdkp__hp2__projected_full__run_001,success,dwave_qpu,False,projected_full,projected_full,mdkp,hp2,/home/bannach/tmp/dwave/data/mdkp_instances/hp2.dat,35,pegasus,,35,2500,2500,-2908.0,0.08725674827369742,0.08725674827369742,0.29361093673711375,0.0,0.0,63,0.0252,0.0252,-3186.0,cplex_cache,False,0,0.0,0.8476799999999999,1.0,runs/mdkp/hp2/projected_full/run_001/sample_metrics.csv,runs/mdkp/hp2/projected_full/run_001/run_metrics.csv
20260426T091720605886Z,Advantage_system4.1;graph_id=01d07086e1,Advantage_system4.1_graph_id_01d07086e1,20260426T091720605886Z__Advantage_system4.1_graph_id_01d07086e1__mdkp__hp2__unbalanced__run_001,success,dwave_qpu,False,unbalanced,unbalanced,mdkp,hp2,/home/bannach/tmp/dwave/data/mdkp_instances/hp2.dat,35,pegasus,,35,2500,2500,-2602.0,0.18330194601381042,0.18330194601381042,0.3046453232893911,0.0,0.0,5,0.002,0.002,-3186.0,cplex_cache,False,0,0.0,0.8901028571428573,1.0,runs/mdkp/hp2/unbalanced/run_001/sample_metrics.csv,runs/mdkp/hp2/unbalanced/run_001/run_metrics.csv
20260426T091720605886Z,Advantage_system4.1;graph_id=01d07086e1,Advantage_system4.1_graph_id_01d07086e1,20260426T091720605886Z__Advantage_system4.1_graph_id_01d07086e1__mdkp__pb1__projected_topology__run_001,success,dwave_qpu,False,projected_topology,projected_pegasus,mdkp,pb1,/home/bannach/tmp/dwave/data/mdkp_instances/pb1.dat,27,pegasus,,27,2500,2500,-2916.0,0.05631067961165048,0.05631067961165048,0.19181890941991162,0.0,0.0,93,0.0372,0.0372,-3090.0,cplex_cache,False,0,0.0,0.0,0.0,runs/mdkp/pb1/projected_pegasus/run_001/sample_metrics.csv,runs/mdkp/pb1/projected_pegasus/run_001/run_metrics.csv
20260426T091720605886Z,Advantage_system4.1;graph_id=01d07086e1,Advantage_system4.1_graph_id_01d07086e1,20260426T091720605886Z__Advantage_system4.1_graph_id_01d07086e1__mdkp__pb1__projected_full__run_001,success,dwave_qpu,False,projected_full,projected_full,mdkp,pb1,/home/bannach/tmp/dwave/data/mdkp_instances/pb1.dat,27,pegasus,,27,2500,2500,-2881.0,0.06763754045307444,0.06763754045307444,0.22652402836534072,0.0,0.0,319,0.1276,0.1276,-3090.0,cplex_cache,False,0,0.0,0.7070518518518519,1.0,runs/mdkp/pb1/projected_full/run_001/sample_metrics.csv,runs/mdkp/pb1/projected_full/run_001/run_metrics.csv
20260426T091720605886Z,Advantage_system4.1;graph_id=01d07086e1,Advantage_system4.1_graph_id_01d07086e1,20260426T091720605886Z__Advantage_system4.1_graph_id_01d07086e1__mdkp__pb1__unbalanced__run_001,success,dwave_qpu,False,unbalanced,unbalanced,mdkp,pb1,/home/bannach/tmp/dwave/data/mdkp_instances/pb1.dat,27,pegasus,,27,2500,2500,-2858.0,0.07508090614886731,0.07508090614886731,0.19766271125494428,0.0,0.0,36,0.0144,0.0144,-3090.0,cplex_cache,False,0,0.0,0.8174074074074074,1.0,runs/mdkp/pb1/unbalanced/run_001/sample_metrics.csv,runs/mdkp/pb1/unbalanced/run_001/run_metrics.csv
20260426T091720605886Z,Advantage_system4.1;graph_id=01d07086e1,Advantage_system4.1_graph_id_01d07086e1,20260426T091720605886Z__Advantage_system4.1_graph_id_01d07086e1__mdkp__pb2__projected_topology__run_001,success,dwave_qpu,False,projected_topology,projected_pegasus,mdkp,pb2,/home/bannach/tmp/dwave/data/mdkp_instances/pb2.dat,34,pegasus,,34,2500,2500,-2699.0,0.15285624607658507,0.15285624607658507,0.15285624607658507,0.0,0.0,1,0.0004,0.0004,-3186.0,cplex_cache,False,0,0.0,0.0,0.0,runs/mdkp/pb2/projected_pegasus/run_001/sample_metrics.csv,runs/mdkp/pb2/projected_pegasus/run_001/run_metrics.csv
20260426T091720605886Z,Advantage_system4.1;graph_id=01d07086e1,Advantage_system4.1_graph_id_01d07086e1,20260426T091720605886Z__Advantage_system4.1_graph_id_01d07086e1__mdkp__pb2__projected_full__run_001,success,dwave_qpu,False,projected_full,projected_full,mdkp,pb2,/home/bannach/tmp/dwave/data/mdkp_instances/pb2.dat,34,pegasus,,34,2500,2500,-2845.0,0.10703075957313246,0.10703075957313246,0.24889916937325435,0.0,0.0,138,0.0552,0.0552,-3186.0,cplex_cache,False,0,0.0,0.7840470588235293,1.0,runs/mdkp/pb2/projected_full/run_001/sample_metrics.csv,runs/mdkp/pb2/projected_full/run_001/run_metrics.csv
20260426T091720605886Z,Advantage_system4.1;graph_id=01d07086e1,Advantage_system4.1_graph_id_01d07086e1,20260426T091720605886Z__Advantage_system4.1_graph_id_01d07086e1__mdkp__pb2__unbalanced__run_001,success,dwave_qpu,False,unbalanced,unbalanced,mdkp,pb2,/home/bannach/tmp/dwave/data/mdkp_instances/pb2.dat,34,pegasus,,34,2500,2500,,,,,0.0,0.0,0,0.0,0.0,-3186.0,cplex_cache,,0,0.0,0.8669176470588235,1.0,runs/mdkp/pb2/unbalanced/run_001/sample_metrics.csv,runs/mdkp/pb2/unbalanced/run_001/run_metrics.csv
20260426T091720605886Z,Advantage_system4.1;graph_id=01d07086e1,Advantage_system4.1_graph_id_01d07086e1,20260426T091720605886Z__Advantage_system4.1_graph_id_01d07086e1__mdkp__pb4__projected_topology__run_001,success,dwave_qpu,False,projected_topology,projected_pegasus,mdkp,pb4,/home/bannach/tmp/dwave/data/mdkp_instances/pb4.dat,29,pegasus,,29,2500,2500,,,,,0.0,0.0,0,0.0,0.0,-95168.0,cplex_cache,,0,0.0,0.0,0.0,runs/mdkp/pb4/projected_pegasus/run_001/sample_metrics.csv,runs/mdkp/pb4/projected_pegasus/run_001/run_metrics.csv
20260426T091720605886Z,Advantage_system4.1;graph_id=01d07086e1,Advantage_system4.1_graph_id_01d07086e1,20260426T091720605886Z__Advantage_system4.1_graph_id_01d07086e1__mdkp__pb4__projected_full__run_001,success,dwave_qpu,False,projected_full,projected_full,mdkp,pb4,/home/bannach/tmp/dwave/data/mdkp_instances/pb4.dat,29,pegasus,,29,2500,2500,,,,,0.0,0.0,0,0.0,0.0,-95168.0,cplex_cache,,0,0.0,0.7878896551724137,1.0,runs/mdkp/pb4/projected_full/run_001/sample_metrics.csv,runs/mdkp/pb4/projected_full/run_001/run_metrics.csv
20260426T091720605886Z,Advantage_system4.1;graph_id=01d07086e1,Advantage_system4.1_graph_id_01d07086e1,20260426T091720605886Z__Advantage_system4.1_graph_id_01d07086e1__mdkp__pb4__unbalanced__run_001,success,dwave_qpu,False,unbalanced,unbalanced,mdkp,pb4,/home/bannach/tmp/dwave/data/mdkp_instances/pb4.dat,29,pegasus,,29,2500,2500,,,,,0.0,0.0,0,0.0,0.0,-95168.0,cplex_cache,,0,0.0,0.7539724137931034,1.0,runs/mdkp/pb4/unbalanced/run_001/sample_metrics.csv,runs/mdkp/pb4/unbalanced/run_001/run_metrics.csv
20260426T091720605886Z,Advantage_system4.1;graph_id=01d07086e1,Advantage_system4.1_graph_id_01d07086e1,20260426T091720605886Z__Advantage_system4.1_graph_id_01d07086e1__mdkp__pb5__projected_topology__run_001,success,dwave_qpu,False,projected_topology,projected_pegasus,mdkp,pb5,/home/bannach/tmp/dwave/data/mdkp_instances/pb5.dat,20,pegasus,,20,2500,2500,-1939.0,0.09350163627863488,0.09350163627863488,0.09350163627863488,0.0,0.0,1,0.0004,0.0004,-2139.0,cplex_cache,False,0,0.0,0.0,0.0,runs/mdkp/pb5/projected_pegasus/run_001/sample_metrics.csv,runs/mdkp/pb5/projected_pegasus/run_001/run_metrics.csv
20260426T091720605886Z,Advantage_system4.1;graph_id=01d07086e1,Advantage_system4.1_graph_id_01d07086e1,20260426T091720605886Z__Advantage_system4.1_graph_id_01d07086e1__mdkp__pb5__projected_full__run_001,success,dwave_qpu,False,projected_full,projected_full,mdkp,pb5,/home/bannach/tmp/dwave/data/mdkp_instances/pb5.dat,20,pegasus,,20,2500,2500,-2059.0,0.03740065451145395,0.03740065451145395,0.23657406025882047,0.0,0.0,282,0.1128,0.1128,-2139.0,cplex_cache,False,0,0.0,0.30348,0.9996,runs/mdkp/pb5/projected_full/run_001/sample_metrics.csv,runs/mdkp/pb5/projected_full/run_001/run_metrics.csv
20260426T091720605886Z,Advantage_system4.1;graph_id=01d07086e1,Advantage_system4.1_graph_id_01d07086e1,20260426T091720605886Z__Advantage_system4.1_graph_id_01d07086e1__mdkp__pb5__unbalanced__run_001,success,dwave_qpu,False,unbalanced,unbalanced,mdkp,pb5,/home/bannach/tmp/dwave/data/mdkp_instances/pb5.dat,20,pegasus,,20,2500,2500,-2059.0,0.03740065451145395,0.03740065451145395,0.16665553551949067,0.0,0.0,21,0.0084,0.0084,-2139.0,cplex_cache,False,0,0.0,0.4105,1.0,runs/mdkp/pb5/unbalanced/run_001/sample_metrics.csv,runs/mdkp/pb5/unbalanced/run_001/run_metrics.csv
20260426T091720605886Z,Advantage_system4.1;graph_id=01d07086e1,Advantage_system4.1_graph_id_01d07086e1,20260426T091720605886Z__Advantage_system4.1_graph_id_01d07086e1__mdkp__pet2__projected_topology__run_001,success,dwave_qpu,False,projected_topology,projected_pegasus,mdkp,pet2,/home/bannach/tmp/dwave/data/mdkp_instances/pet2.dat,10,pegasus,,10,2500,2500,-87061.0,0.0,0.0,0.21682624796894767,0.0068,0.0068,1173,0.4692,0.4692,-87061.0,cplex_cache,True,17,0.0068,0.0,0.0,runs/mdkp/pet2/projected_pegasus/run_001/sample_metrics.csv,runs/mdkp/pet2/projected_pegasus/run_001/run_metrics.csv
20260426T091720605886Z,Advantage_system4.1;graph_id=01d07086e1,Advantage_system4.1_graph_id_01d07086e1,20260426T091720605886Z__Advantage_system4.1_graph_id_01d07086e1__mdkp__pet2__projected_full__run_001,success,dwave_qpu,False,projected_full,projected_full,mdkp,pet2,/home/bannach/tmp/dwave/data/mdkp_instances/pet2.dat,10,pegasus,,10,2500,2500,-87061.0,0.0,0.0,0.3277940468123484,0.0024,0.0024,1574,0.6296,0.6296,-87061.0,cplex_cache,True,6,0.0024,0.09804,0.6724,runs/mdkp/pet2/projected_full/run_001/sample_metrics.csv,runs/mdkp/pet2/projected_full/run_001/run_metrics.csv
20260426T091720605886Z,Advantage_system4.1;graph_id=01d07086e1,Advantage_system4.1_graph_id_01d07086e1,20260426T091720605886Z__Advantage_system4.1_graph_id_01d07086e1__mdkp__pet2__unbalanced__run_001,success,dwave_qpu,False,unbalanced,unbalanced,mdkp,pet2,/home/bannach/tmp/dwave/data/mdkp_instances/pet2.dat,10,pegasus,,10,2500,2500,-87061.0,0.0,0.0,0.22880668247179758,0.0008,0.0008,1270,0.508,0.508,-87061.0,cplex_cache,True,2,0.0008,0.2434,0.9392,runs/mdkp/pet2/unbalanced/run_001/sample_metrics.csv,runs/mdkp/pet2/unbalanced/run_001/run_metrics.csv
20260426T091720605886Z,Advantage_system4.1;graph_id=01d07086e1,Advantage_system4.1_graph_id_01d07086e1,20260426T091720605886Z__Advantage_system4.1_graph_id_01d07086e1__mdkp__pet3__projected_topology__run_001,success,dwave_qpu,False,projected_topology,projected_pegasus,mdkp,pet3,/home/bannach/tmp/dwave/data/mdkp_instances/pet3.dat,15,pegasus,,15,2500,2500,-4015.0,0.0,0.0,0.2065742296872929,0.0004,0.0004,1522,0.6088,0.6088,-4015.0,cplex_cache,True,1,0.0004,0.0,0.0,runs/mdkp/pet3/projected_pegasus/run_001/sample_metrics.csv,runs/mdkp/pet3/projected_pegasus/run_001/run_metrics.csv
20260426T091720605886Z,Advantage_system4.1;graph_id=01d07086e1,Advantage_system4.1_graph_id_01d07086e1,20260426T091720605886Z__Advantage_system4.1_graph_id_01d07086e1__mdkp__pet3__projected_full__run_001,success,dwave_qpu,False,projected_full,projected_full,mdkp,pet3,/home/bannach/tmp/dwave/data/mdkp_instances/pet3.dat,15,pegasus,,15,2500,2500,-4005.0,0.0024906600249066002,0.0024906600249066002,0.2947839407531491,0.0,0.0,1695,0.678,0.678,-4015.0,cplex_cache,False,0,0.0,0.28090666666666664,0.9952,runs/mdkp/pet3/projected_full/run_001/sample_metrics.csv,runs/mdkp/pet3/projected_full/run_001/run_metrics.csv
20260426T091720605886Z,Advantage_system4.1;graph_id=01d07086e1,Advantage_system4.1_graph_id_01d07086e1,20260426T091720605886Z__Advantage_system4.1_graph_id_01d07086e1__mdkp__pet3__unbalanced__run_001,success,dwave_qpu,False,unbalanced,unbalanced,mdkp,pet3,/home/bannach/tmp/dwave/data/mdkp_instances/pet3.dat,15,pegasus,,15,2500,2500,-4005.0,0.0024906600249066002,0.0024906600249066002,0.14036154402884177,0.0,0.0,1657,0.6628,0.6628,-4015.0,cplex_cache,False,0,0.0,0.3996,0.9996,runs/mdkp/pet3/unbalanced/run_001/sample_metrics.csv,runs/mdkp/pet3/unbalanced/run_001/run_metrics.csv
20260426T091720605886Z,Advantage_system4.1;graph_id=01d07086e1,Advantage_system4.1_graph_id_01d07086e1,20260426T091720605886Z__Advantage_system4.1_graph_id_01d07086e1__mdkp__pet4__projected_topology__run_001,success,dwave_qpu,False,projected_topology,projected_pegasus,mdkp,pet4,/home/bannach/tmp/dwave/data/mdkp_instances/pet4.dat,20,pegasus,,20,2500,2500,-6030.0,0.014705882352941176,0.014705882352941176,0.2351480054658303,0.0,0.0,397,0.1588,0.1588,-6120.0,cplex_cache,False,0,0.0,0.0,0.0,runs/mdkp/pet4/projected_pegasus/run_001/sample_metrics.csv,runs/mdkp/pet4/projected_pegasus/run_001/run_metrics.csv
20260426T091720605886Z,Advantage_system4.1;graph_id=01d07086e1,Advantage_system4.1_graph_id_01d07086e1,20260426T091720605886Z__Advantage_system4.1_graph_id_01d07086e1__mdkp__pet4__projected_full__run_001,success,dwave_qpu,False,projected_full,projected_full,mdkp,pet4,/home/bannach/tmp/dwave/data/mdkp_instances/pet4.dat,20,pegasus,,20,2500,2500,-6060.0,0.00980392156862745,0.00980392156862745,0.3248038754759073,0.0,0.0,709,0.2836,0.2836,-6120.0,cplex_cache,False,0,0.0,0.39305999999999996,1.0,runs/mdkp/pet4/projected_full/run_001/sample_metrics.csv,runs/mdkp/pet4/projected_full/run_001/run_metrics.csv
20260426T091720605886Z,Advantage_system4.1;graph_id=01d07086e1,Advantage_system4.1_graph_id_01d07086e1,20260426T091720605886Z__Advantage_system4.1_graph_id_01d07086e1__mdkp__pet4__unbalanced__run_001,success,dwave_qpu,False,unbalanced,unbalanced,mdkp,pet4,/home/bannach/tmp/dwave/data/mdkp_instances/pet4.dat,20,pegasus,,20,2500,2500,-6040.0,0.013071895424836602,0.013071895424836602,0.24024969112685882,0.0,0.0,1021,0.4084,0.4084,-6120.0,cplex_cache,False,0,0.0,0.5878,1.0,runs/mdkp/pet4/unbalanced/run_001/sample_metrics.csv,runs/mdkp/pet4/unbalanced/run_001/run_metrics.csv
20260426T091720605886Z,Advantage_system4.1;graph_id=01d07086e1,Advantage_system4.1_graph_id_01d07086e1,20260426T091720605886Z__Advantage_system4.1_graph_id_01d07086e1__mdkp__pet5__projected_topology__run_001,success,dwave_qpu,False,projected_topology,projected_pegasus,mdkp,pet5,/home/bannach/tmp/dwave/data/mdkp_instances/pet5.dat,28,pegasus,,28,2500,2500,-12140.0,0.020967741935483872,0.020967741935483872,0.22688526978860768,0.0,0.0,1439,0.5756,0.5756,-12400.0,cplex_cache,False,0,0.0,0.0,0.0,runs/mdkp/pet5/projected_pegasus/run_001/sample_metrics.csv,runs/mdkp/pet5/projected_pegasus/run_001/run_metrics.csv
20260426T091720605886Z,Advantage_system4.1;graph_id=01d07086e1,Advantage_system4.1_graph_id_01d07086e1,20260426T091720605886Z__Advantage_system4.1_graph_id_01d07086e1__mdkp__pet5__projected_full__run_001,success,dwave_qpu,False,projected_full,projected_full,mdkp,pet5,/home/bannach/tmp/dwave/data/mdkp_instances/pet5.dat,28,pegasus,,28,2500,2500,-11460.0,0.07580645161290323,0.07580645161290323,0.34486928032959324,0.0,0.0,1472,0.5888,0.5888,-12400.0,cplex_cache,False,0,0.0,0.6346285714285714,1.0,runs/mdkp/pet5/projected_full/run_001/sample_metrics.csv,runs/mdkp/pet5/projected_full/run_001/run_metrics.csv
20260426T091720605886Z,Advantage_system4.1;graph_id=01d07086e1,Advantage_system4.1_graph_id_01d07086e1,20260426T091720605886Z__Advantage_system4.1_graph_id_01d07086e1__mdkp__pet5__unbalanced__run_001,success,dwave_qpu,False,unbalanced,unbalanced,mdkp,pet5,/home/bannach/tmp/dwave/data/mdkp_instances/pet5.dat,28,pegasus,,28,2500,2500,-12160.0,0.01935483870967742,0.01935483870967742,0.2409306027164686,0.0,0.0,1520,0.608,0.608,-12400.0,cplex_cache,False,0,0.0,0.7393428571428572,1.0,runs/mdkp/pet5/unbalanced/run_001/sample_metrics.csv,runs/mdkp/pet5/unbalanced/run_001/run_metrics.csv
20260426T091720605886Z,Advantage_system4.1;graph_id=01d07086e1,Advantage_system4.1_graph_id_01d07086e1,20260426T091720605886Z__Advantage_system4.1_graph_id_01d07086e1__mdkp__pet6__projected_topology__run_001,success,dwave_qpu,False,projected_topology,projected_pegasus,mdkp,pet6,/home/bannach/tmp/dwave/data/mdkp_instances/pet6.dat,39,pegasus,,39,2500,2500,-9984.0,0.05970992653983801,0.05970992653983801,0.2085530022840082,0.0,0.0,469,0.1876,0.1876,-10618.0,cplex_cache,False,0,0.0,0.0,0.0,runs/mdkp/pet6/projected_pegasus/run_001/sample_metrics.csv,runs/mdkp/pet6/projected_pegasus/run_001/run_metrics.csv
20260426T091720605886Z,Advantage_system4.1;graph_id=01d07086e1,Advantage_system4.1_graph_id_01d07086e1,20260426T091720605886Z__Advantage_system4.1_graph_id_01d07086e1__mdkp__pet6__projected_full__run_001,success,dwave_qpu,False,projected_full,projected_full,mdkp,pet6,/home/bannach/tmp/dwave/data/mdkp_instances/pet6.dat,39,pegasus,,39,2500,2500,-10057.0,0.05283480881521944,0.05283480881521944,0.2724504471711768,0.0,0.0,1007,0.4028,0.4028,-10618.0,cplex_cache,False,0,0.0,0.8678564102564101,1.0,runs/mdkp/pet6/projected_full/run_001/sample_metrics.csv,runs/mdkp/pet6/projected_full/run_001/run_metrics.csv
20260426T091720605886Z,Advantage_system4.1;graph_id=01d07086e1,Advantage_system4.1_graph_id_01d07086e1,20260426T091720605886Z__Advantage_system4.1_graph_id_01d07086e1__mdkp__pet6__unbalanced__run_001,success,dwave_qpu,False,unbalanced,unbalanced,mdkp,pet6,/home/bannach/tmp/dwave/data/mdkp_instances/pet6.dat,39,pegasus,,39,2500,2500,-10088.0,0.04991523827462799,0.04991523827462799,0.24719893242256638,0.0,0.0,484,0.1936,0.1936,-10618.0,cplex_cache,False,0,0.0,0.9241230769230769,1.0,runs/mdkp/pet6/unbalanced/run_001/sample_metrics.csv,runs/mdkp/pet6/unbalanced/run_001/run_metrics.csv
20260426T091720605886Z,Advantage_system4.1;graph_id=01d07086e1,Advantage_system4.1_graph_id_01d07086e1,20260426T091720605886Z__Advantage_system4.1_graph_id_01d07086e1__mdkp__pet7__projected_topology__run_001,success,dwave_qpu,False,projected_topology,projected_pegasus,mdkp,pet7,/home/bannach/tmp/dwave/data/mdkp_instances/pet7.dat,50,pegasus,,50,2500,2500,-15629.0,0.05490717784362339,0.05490717784362339,0.20062076396991543,0.0,0.0,305,0.122,0.122,-16537.0,cplex_cache,False,0,0.0,0.0,0.0,runs/mdkp/pet7/projected_pegasus/run_001/sample_metrics.csv,runs/mdkp/pet7/projected_pegasus/run_001/run_metrics.csv
20260426T091720605886Z,Advantage_system4.1;graph_id=01d07086e1,Advantage_system4.1_graph_id_01d07086e1,20260426T091720605886Z__Advantage_system4.1_graph_id_01d07086e1__mdkp__pet7__projected_full__run_001,success,dwave_qpu,False,projected_full,projected_full,mdkp,pet7,/home/bannach/tmp/dwave/data/mdkp_instances/pet7.dat,50,pegasus,,50,2500,2500,-15451.0,0.06567091975569934,0.06567091975569934,0.31006025989339925,0.0,0.0,896,0.3584,0.3584,-16537.0,cplex_cache,False,0,0.0,0.9335119999999999,1.0,runs/mdkp/pet7/projected_full/run_001/sample_metrics.csv,runs/mdkp/pet7/projected_full/run_001/run_metrics.csv
20260426T091720605886Z,Advantage_system4.1;graph_id=01d07086e1,Advantage_system4.1_graph_id_01d07086e1,20260426T091720605886Z__Advantage_system4.1_graph_id_01d07086e1__mdkp__pet7__unbalanced__run_001,success,dwave_qpu,False,unbalanced,unbalanced,mdkp,pet7,/home/bannach/tmp/dwave/data/mdkp_instances/pet7.dat,50,pegasus,,50,2500,2500,-15388.0,0.06948055874705207,0.06948055874705207,0.27228539793983153,0.0,0.0,342,0.1368,0.1368,-16537.0,cplex_cache,False,0,0.0,0.9491440000000001,1.0,runs/mdkp/pet7/unbalanced/run_001/sample_metrics.csv,runs/mdkp/pet7/unbalanced/run_001/run_metrics.csv
20260426T091720605886Z,Advantage_system4.1;graph_id=01d07086e1,Advantage_system4.1_graph_id_01d07086e1,20260426T091720605886Z__Advantage_system4.1_graph_id_01d07086e1__mis__1et.64__projected_topology__run_001,success,dwave_qpu,False,projected_topology,projected_pegasus,mis,1et.64,/home/bannach/tmp/dwave/data/mis_instances/1et.64.txt,64,pegasus,,64,2500,2500,-13.0,0.2777777777777778,0.2777777777777778,0.595189701897019,0.0,0.0,328,0.1312,0.1312,-18.0,cplex_cache,False,0,0.0,0.0,0.0,runs/mis/1et.64/projected_pegasus/run_001/sample_metrics.csv,runs/mis/1et.64/projected_pegasus/run_001/run_metrics.csv
20260426T091720605886Z,Advantage_system4.1;graph_id=01d07086e1,Advantage_system4.1_graph_id_01d07086e1,20260426T091720605886Z__Advantage_system4.1_graph_id_01d07086e1__mis__1et.64__projected_full__run_001,success,dwave_qpu,False,projected_full,projected_full,mis,1et.64,/home/bannach/tmp/dwave/data/mis_instances/1et.64.txt,64,pegasus,,64,2500,2500,-17.0,0.05555555555555555,0.05555555555555555,0.2959183673469387,0.0,0.0,196,0.0784,0.0784,-18.0,cplex_cache,False,0,0.0,0.04065625,0.9448,runs/mis/1et.64/projected_full/run_001/sample_metrics.csv,runs/mis/1et.64/projected_full/run_001/run_metrics.csv
20260426T091720605886Z,Advantage_system4.1;graph_id=01d07086e1,Advantage_system4.1_graph_id_01d07086e1,20260426T091720605886Z__Advantage_system4.1_graph_id_01d07086e1__mis__1et.64__unbalanced__run_001,success,dwave_qpu,False,unbalanced,unbalanced,mis,1et.64,/home/bannach/tmp/dwave/data/mis_instances/1et.64.txt,64,pegasus,,64,2500,2500,-12.0,0.3333333333333333,0.3333333333333333,0.6201814058956915,0.0,0.0,980,0.392,0.392,-18.0,cplex_cache,False,0,0.0,0.0379,0.9308,runs/mis/1et.64/unbalanced/run_001/sample_metrics.csv,runs/mis/1et.64/unbalanced/run_001/run_metrics.csv
20260426T091720605886Z,Advantage_system4.1;graph_id=01d07086e1,Advantage_system4.1_graph_id_01d07086e1,20260426T091720605886Z__Advantage_system4.1_graph_id_01d07086e1__mis__1tc.16__projected_topology__run_001,success,dwave_qpu,False,projected_topology,projected_pegasus,mis,1tc.16,/home/bannach/tmp/dwave/data/mis_instances/1tc.16.txt,16,pegasus,,16,2500,2500,-8.0,0.0,0.0,0.1799212598425197,0.0232,0.0232,635,0.254,0.254,-8.0,cplex_cache,True,58,0.0232,0.0,0.0,runs/mis/1tc.16/projected_pegasus/run_001/sample_metrics.csv,runs/mis/1tc.16/projected_pegasus/run_001/run_metrics.csv
20260426T091720605886Z,Advantage_system4.1;graph_id=01d07086e1,Advantage_system4.1_graph_id_01d07086e1,20260426T091720605886Z__Advantage_system4.1_graph_id_01d07086e1__mis__1tc.16__projected_full__run_001,success,dwave_qpu,False,projected_full,projected_full,mis,1tc.16,/home/bannach/tmp/dwave/data/mis_instances/1tc.16.txt,16,pegasus,,16,2500,2500,-8.0,0.0,0.0,0.04386574074074074,0.2968,0.2968,1080,0.432,0.432,-8.0,cplex_cache,True,742,0.2968,0.00715,0.1084,runs/mis/1tc.16/projected_full/run_001/sample_metrics.csv,runs/mis/1tc.16/projected_full/run_001/run_metrics.csv
20260426T091720605886Z,Advantage_system4.1;graph_id=01d07086e1,Advantage_system4.1_graph_id_01d07086e1,20260426T091720605886Z__Advantage_system4.1_graph_id_01d07086e1__mis__1tc.16__unbalanced__run_001,success,dwave_qpu,False,unbalanced,unbalanced,mis,1tc.16,/home/bannach/tmp/dwave/data/mis_instances/1tc.16.txt,16,pegasus,,16,2500,2500,-8.0,0.0,0.0,0.05610236220472441,0.4728,0.4728,1905,0.762,0.762,-8.0,cplex_cache,True,1182,0.4728,0.001075,0.0172,runs/mis/1tc.16/unbalanced/run_001/sample_metrics.csv,runs/mis/1tc.16/unbalanced/run_001/run_metrics.csv
20260426T091720605886Z,Advantage_system4.1;graph_id=01d07086e1,Advantage_system4.1_graph_id_01d07086e1,20260426T091720605886Z__Advantage_system4.1_graph_id_01d07086e1__mis__1tc.32__projected_topology__run_001,success,dwave_qpu,False,projected_topology,projected_pegasus,mis,1tc.32,/home/bannach/tmp/dwave/data/mis_instances/1tc.32.txt,32,pegasus,,32,2500,2500,-11.0,0.08333333333333333,0.08333333333333333,0.21977401129943502,0.0,0.0,1770,0.708,0.708,-12.0,cplex_cache,False,0,0.0,0.0,0.0,runs/mis/1tc.32/projected_pegasus/run_001/sample_metrics.csv,runs/mis/1tc.32/projected_pegasus/run_001/run_metrics.csv
20260426T091720605886Z,Advantage_system4.1;graph_id=01d07086e1,Advantage_system4.1_graph_id_01d07086e1,20260426T091720605886Z__Advantage_system4.1_graph_id_01d07086e1__mis__1tc.32__projected_full__run_001,success,dwave_qpu,False,projected_full,projected_full,mis,1tc.32,/home/bannach/tmp/dwave/data/mis_instances/1tc.32.txt,32,pegasus,,32,2500,2500,-12.0,0.0,0.0,0.16548295454545456,0.024,0.024,704,0.2816,0.2816,-12.0,cplex_cache,True,60,0.024,0.0233625,0.5264,runs/mis/1tc.32/projected_full/run_001/sample_metrics.csv,runs/mis/1tc.32/projected_full/run_001/run_metrics.csv
20260426T091720605886Z,Advantage_system4.1;graph_id=01d07086e1,Advantage_system4.1_graph_id_01d07086e1,20260426T091720605886Z__Advantage_system4.1_graph_id_01d07086e1__mis__1tc.32__unbalanced__run_001,success,dwave_qpu,False,unbalanced,unbalanced,mis,1tc.32,/home/bannach/tmp/dwave/data/mis_instances/1tc.32.txt,32,pegasus,,32,2500,2500,-12.0,0.0,0.0,0.2681190374483839,0.0008,0.0008,2341,0.9364,0.9364,-12.0,cplex_cache,True,2,0.0008,0.000325,0.0104,runs/mis/1tc.32/unbalanced/run_001/sample_metrics.csv,runs/mis/1tc.32/unbalanced/run_001/run_metrics.csv
20260426T091720605886Z,Advantage_system4.1;graph_id=01d07086e1,Advantage_system4.1_graph_id_01d07086e1,20260426T091720605886Z__Advantage_system4.1_graph_id_01d07086e1__mis__1tc.64__projected_topology__run_001,success,dwave_qpu,False,projected_topology,projected_pegasus,mis,1tc.64,/home/bannach/tmp/dwave/data/mis_instances/1tc.64.txt,64,pegasus,,64,2500,2500,-17.0,0.15,0.15,0.4403881700554529,0.0,0.0,541,0.2164,0.2164,-20.0,cplex_cache,False,0,0.0,0.0,0.0,runs/mis/1tc.64/projected_pegasus/run_001/sample_metrics.csv,runs/mis/1tc.64/projected_pegasus/run_001/run_metrics.csv
20260426T091720605886Z,Advantage_system4.1;graph_id=01d07086e1,Advantage_system4.1_graph_id_01d07086e1,20260426T091720605886Z__Advantage_system4.1_graph_id_01d07086e1__mis__1tc.64__projected_full__run_001,success,dwave_qpu,False,projected_full,projected_full,mis,1tc.64,/home/bannach/tmp/dwave/data/mis_instances/1tc.64.txt,64,pegasus,,64,2500,2500,-19.0,0.05,0.05,0.28953068592057757,0.0,0.0,277,0.1108,0.1108,-20.0,cplex_cache,False,0,0.0,0.046225,0.9588,runs/mis/1tc.64/projected_full/run_001/sample_metrics.csv,runs/mis/1tc.64/projected_full/run_001/run_metrics.csv
20260426T091720605886Z,Advantage_system4.1;graph_id=01d07086e1,Advantage_system4.1_graph_id_01d07086e1,20260426T091720605886Z__Advantage_system4.1_graph_id_01d07086e1__mis__1tc.64__unbalanced__run_001,success,dwave_qpu,False,unbalanced,unbalanced,mis,1tc.64,/home/bannach/tmp/dwave/data/mis_instances/1tc.64.txt,64,pegasus,,64,2500,2500,-16.0,0.2,0.2,0.5557883522727273,0.0,0.0,1408,0.5632,0.5632,-20.0,cplex_cache,False,0,0.0,0.0180875,0.7388,runs/mis/1tc.64/unbalanced/run_001/sample_metrics.csv,runs/mis/1tc.64/unbalanced/run_001/run_metrics.csv
20260426T091720605886Z,Advantage_system4.1;graph_id=01d07086e1,Advantage_system4.1_graph_id_01d07086e1,20260426T091720605886Z__Advantage_system4.1_graph_id_01d07086e1__mis__1tc.8__projected_topology__run_001,success,dwave_qpu,False,projected_topology,projected_pegasus,mis,1tc.8,/home/bannach/tmp/dwave/data/mis_instances/1tc.8.txt,8,pegasus,,8,2500,2500,-4.0,0.0,0.0,0.0,0.0232,0.0232,58,0.0232,0.0232,-4.0,cplex_cache,True,58,0.0232,0.0,0.0,runs/mis/1tc.8/projected_pegasus/run_001/sample_metrics.csv,runs/mis/1tc.8/projected_pegasus/run_001/run_metrics.csv
20260426T091720605886Z,Advantage_system4.1;graph_id=01d07086e1,Advantage_system4.1_graph_id_01d07086e1,20260426T091720605886Z__Advantage_system4.1_graph_id_01d07086e1__mis__1tc.8__projected_full__run_001,success,dwave_qpu,False,projected_full,projected_full,mis,1tc.8,/home/bannach/tmp/dwave/data/mis_instances/1tc.8.txt,8,pegasus,,8,2500,2500,-4.0,0.0,0.0,0.0,0.0216,0.0216,54,0.0216,0.0216,-4.0,cplex_cache,True,54,0.0216,0.01685,0.1272,runs/mis/1tc.8/projected_full/run_001/sample_metrics.csv,runs/mis/1tc.8/projected_full/run_001/run_metrics.csv
20260426T091720605886Z,Advantage_system4.1;graph_id=01d07086e1,Advantage_system4.1_graph_id_01d07086e1,20260426T091720605886Z__Advantage_system4.1_graph_id_01d07086e1__mis__1tc.8__unbalanced__run_001,success,dwave_qpu,False,unbalanced,unbalanced,mis,1tc.8,/home/bannach/tmp/dwave/data/mis_instances/1tc.8.txt,8,pegasus,,8,2500,2500,-4.0,0.0,0.0,0.0,0.0148,0.0148,37,0.0148,0.0148,-4.0,cplex_cache,True,37,0.0148,0.0,0.0,runs/mis/1tc.8/unbalanced/run_001/sample_metrics.csv,runs/mis/1tc.8/unbalanced/run_001/run_metrics.csv
